id,first_name,last_name,email,gender,ip_address
1,Roselle,Flanigan,rflanigan0@mediafire.com,Female,102.104.39.19
2,Padgett,Stollenwerck,pstollenwerck1@shinystat.com,Male,106.109.34.76
3,Pierette,Cashin,pcashin2@plala.or.jp,Female,58.216.33.219
4,Ertha,Pithie,epithie3@digg.com,Female,152.139.24.127
5,Teddy,Scanlan,tscanlan4@wired.com,Female,33.207.145.91
6,Tally,Sherbourne,tsherbourne5@baidu.com,Male,181.22.34.46
7,Anatollo,Short,ashort6@xinhuanet.com,Male,150.96.89.205
8,Haley,Gotthard.sf,hgotthardsf7@ameblo.jp,Male,225.158.90.16
9,Aggie,Kollatsch,akollatsch8@deviantart.com,Female,134.43.27.180
10,Jourdan,Wandless,jwandless9@cdbaby.com,Female,48.222.247.249
11,Webb,Sansom,wsansoma@scribd.com,Male,120.213.135.224
12,Evangelia,Lapree,elapreeb@nifty.com,Female,66.201.10.197
13,Wiley,Devonside,wdevonsidec@geocities.jp,Male,63.251.79.249
14,Kennith,Weeds,kweedsd@forbes.com,Male,134.81.168.254
15,Waldo,Grewar,wgreware@apple.com,Male,98.20.32.41
16,Goldie,Gooke,ggookef@ucla.edu,Female,32.2.118.68
17,Juliette,Pauer,jpauerg@usnews.com,Female,184.216.147.146
18,Elsbeth,Garvagh,egarvaghh@dedecms.com,Female,251.44.194.195
19,Morly,Reinbech,mreinbechi@com.com,Male,14.141.99.119
20,Erastus,Pavek,epavekj@cnbc.com,Male,125.224.180.139
21,Jacobo,Clarke,jclarkek@bandcamp.com,Male,206.54.38.196
22,Emelen,Grainger,egraingerl@qq.com,Male,133.12.151.67
23,Winnifred,Pancost,wpancostm@wired.com,Female,215.249.235.25
24,Wolfgang,Ilyinykh,wilyinykhn@ox.ac.uk,Male,73.48.87.104
25,Lorelei,Isles,lisleso@merriam-webster.com,Female,28.4.241.109
26,Sean,Tunnicliff,stunnicliffp@thetimes.co.uk,Male,150.203.161.252
27,Hartwell,Egel,hegelq@illinois.edu,Male,84.36.114.123
28,Oralle,Pearmain,opearmainr@deliciousdays.com,Female,33.101.195.118
29,Quentin,Beelby,qbeelbys@google.com.hk,Male,225.170.85.10
30,Howey,Bartosik,hbartosikt@dion.ne.jp,Male,147.147.111.99
31,Trueman,Mc Cahey,tmccaheyu@geocities.jp,Male,132.192.208.9
32,Alexandr,Tunbridge,atunbridgev@guardian.co.uk,Male,44.46.53.14
33,Julieta,Tremontana,jtremontanaw@nih.gov,Female,24.237.56.125
34,Adelaide,Dallaway,adallawayx@about.com,Female,186.138.133.235
35,Sebastiano,Bushby,sbushbyy@dailymotion.com,Male,169.138.48.33
36,Filia,Olenin,foleninz@disqus.com,Female,69.117.70.146
37,Gaultiero,Espada,gespada10@elegantthemes.com,Male,32.93.62.170
38,Mathe,Schimmang,mschimmang11@google.co.jp,Male,87.51.183.135
39,Winna,Screach,wscreach12@nba.com,Female,9.103.152.139
40,Nathanial,Amery,namery13@gizmodo.com,Male,228.46.223.208
41,Betty,Borsi,bborsi14@japanpost.jp,Female,161.242.242.81
42,Charis,Rowson,crowson15@jugem.jp,Female,58.2.226.209
43,Augustus,Ingleston,aingleston16@state.tx.us,Male,139.57.128.24
44,Edythe,Thayre,ethayre17@bandcamp.com,Female,18.22.137.144
45,Dacey,Aughton,daughton18@oaic.gov.au,Female,77.251.101.70
46,Brandy,Diche,bdiche19@reuters.com,Male,168.179.245.162
47,Yankee,Markovich,ymarkovich1a@economist.com,Male,108.5.179.144
48,Matt,Hemms,mhemms1b@simplemachines.org,Male,120.67.205.19
49,Zolly,Hrachovec,zhrachovec1c@cisco.com,Male,68.99.37.23
50,Velvet,Phelips,vphelips1d@cbslocal.com,Female,32.144.13.171
51,Dyane,Keggins,dkeggins1e@illinois.edu,Female,41.220.135.225
52,Fifine,People,fpeople1f@bloglovin.com,Female,139.97.80.219
53,Filmer,Triner,ftriner1g@accuweather.com,Male,187.148.152.231
54,Kara,Liddington,kliddington1h@dion.ne.jp,Female,36.145.5.132
55,Gun,Ambrogio,gambrogio1i@ebay.com,Male,164.219.254.197
56,Friedrich,Brimilcombe,fbrimilcombe1j@mozilla.com,Male,101.101.97.217
57,Waiter,Alvarado,walvarado1k@msu.edu,Male,106.248.185.206
58,Tabitha,Gisborne,tgisborne1l@surveymonkey.com,Female,41.65.145.12
59,Krispin,Ascrofte,kascrofte1m@virginia.edu,Male,165.171.116.148
60,Gussie,Jelleman,gjelleman1n@ebay.com,Female,126.25.249.200
61,Sara-ann,Oager,soager1o@odnoklassniki.ru,Female,69.31.71.187
62,Cobbie,Gilardengo,cgilardengo1p@ycombinator.com,Male,176.231.78.76
63,Christos,McKeighan,cmckeighan1q@t.co,Male,236.7.76.91
64,Marlane,Martinelli,mmartinelli1r@businessweek.com,Female,173.225.6.229
65,Renault,Latehouse,rlatehouse1s@sogou.com,Male,141.173.57.120
66,Thatch,Stuer,tstuer1t@posterous.com,Male,104.185.168.21
67,Hansiain,Pinhorn,hpinhorn1u@wp.com,Male,36.157.208.213
68,Julie,Baltrushaitis,jbaltrushaitis1v@mit.edu,Male,231.37.134.250
69,Obed,Gowrie,ogowrie1w@nydailynews.com,Male,243.243.180.22
70,Justus,Tolomio,jtolomio1x@cbslocal.com,Male,64.235.51.107
71,Kean,Truluck,ktruluck1y@elegantthemes.com,Male,83.144.37.205
72,Lenci,Larkworthy,llarkworthy1z@utexas.edu,Male,102.49.126.174
73,Kristin,Ruler,kruler20@jugem.jp,Female,230.110.245.11
74,Fayre,Tiebe,ftiebe21@ebay.co.uk,Female,129.192.112.115
75,Marjy,Varley,mvarley22@clickbank.net,Female,199.190.201.212
76,Tish,Mitcheson,tmitcheson23@walmart.com,Female,47.189.41.49
77,Tanitansy,Leggen,tleggen24@is.gd,Female,101.52.146.20
78,Ingamar,Plastow,iplastow25@tinypic.com,Male,78.109.186.204
79,Forrest,Chatel,fchatel26@bloglines.com,Male,35.180.105.32
80,Lindy,Goldberg,lgoldberg27@ucoz.com,Male,19.226.240.163
81,Weston,Moorhouse,wmoorhouse28@purevolume.com,Male,234.0.50.48
82,Bald,Nation,bnation29@accuweather.com,Male,102.79.192.238
83,Tracy,Bennet,tbennet2a@printfriendly.com,Male,217.75.22.121
84,Rufus,Munton,rmunton2b@cocolog-nifty.com,Male,96.35.111.168
85,Geri,Pearle,gpearle2c@cloudflare.com,Male,193.148.166.104
86,Tait,Alwen,talwen2d@pen.io,Male,31.236.115.202
87,Elden,Kraut,ekraut2e@home.pl,Male,110.103.225.150
88,Herman,Charlick,hcharlick2f@howstuffworks.com,Male,60.70.208.131
89,Scott,Dayley,sdayley2g@ted.com,Male,246.218.254.76
90,Anatole,Stockley,astockley2h@yellowbook.com,Male,255.230.175.82
91,Jean,Leavey,jleavey2i@businessweek.com,Male,247.144.47.27
92,Tate,Yanin,tyanin2j@angelfire.com,Female,55.10.142.80
93,Flem,Beckworth,fbeckworth2k@mit.edu,Male,131.7.110.196
94,Nancey,Julian,njulian2l@blogspot.com,Female,231.34.235.180
95,Darell,Towns,dtowns2m@independent.co.uk,Female,84.103.234.251
96,Daisey,Toe,dtoe2n@webnode.com,Female,30.98.69.110
97,Roderic,Fallowes,rfallowes2o@yale.edu,Male,200.9.26.6
98,Haskel,Lowdwell,hlowdwell2p@sohu.com,Male,217.208.123.44
99,Clarine,Postill,cpostill2q@wiley.com,Female,226.35.155.37
100,Mathe,Fitch,mfitch2r@bloomberg.com,Male,14.171.9.187
101,Filia,De Malchar,fdemalchar2s@sciencedirect.com,Female,88.119.38.227
102,Salem,Bruckental,sbruckental2t@joomla.org,Male,185.47.18.133
103,Dolley,Bertson,dbertson2u@livejournal.com,Female,77.134.216.174
104,Holt,Bruun,hbruun2v@elpais.com,Male,161.142.144.31
105,Fee,Penhalewick,fpenhalewick2w@i2i.jp,Male,134.183.12.68
106,Katya,Gurley,kgurley2x@marketwatch.com,Female,223.127.229.116
107,Sheffy,Bithell,sbithell2y@google.com.br,Male,32.26.53.219
108,Roanne,Leworthy,rleworthy2z@friendfeed.com,Female,35.145.220.157
109,Bella,Hollow,bhollow30@geocities.com,Female,119.132.235.43
110,Rolland,Bishopp,rbishopp31@naver.com,Male,202.217.150.82
111,Damiano,Gabbett,dgabbett32@scientificamerican.com,Male,191.203.183.37
112,Mariel,Witherup,mwitherup33@amazon.co.jp,Female,172.227.230.116
113,Geoff,Glasner,gglasner34@ucoz.ru,Male,226.168.161.184
114,Thomasina,Bream,tbream35@cnbc.com,Female,44.44.122.101
115,Vasily,Bulloch,vbulloch36@scribd.com,Male,188.76.254.190
116,Osmund,Sans,osans37@topsy.com,Male,208.182.153.136
117,Johan,Bradburn,jbradburn38@elegantthemes.com,Male,49.139.100.116
118,Hugo,Soot,hsoot39@webnode.com,Male,6.141.153.41
119,Lorettalorna,Nevitt,lnevitt3a@psu.edu,Female,54.80.247.209
120,Chas,Schimoni,cschimoni3b@washington.edu,Male,172.175.85.42
121,Brit,Alanbrooke,balanbrooke3c@alexa.com,Male,125.214.18.165
122,Yolande,Broadist,ybroadist3d@youtu.be,Female,237.41.151.78
123,Frazier,Longmead,flongmead3e@bravesites.com,Male,96.231.92.213
124,Shalna,Buckett,sbuckett3f@forbes.com,Female,29.234.100.217
125,Boothe,Klimontovich,bklimontovich3g@creativecommons.org,Male,166.66.76.119
126,Tybi,McCanny,tmccanny3h@hostgator.com,Female,193.19.14.191
127,Law,Vynehall,lvynehall3i@pen.io,Male,101.115.228.238
128,Neile,Chittenden,nchittenden3j@about.com,Female,105.155.83.84
129,Ellwood,Thacke,ethacke3k@answers.com,Male,197.22.50.183
130,Cory,Mudie,cmudie3l@weather.com,Female,45.82.107.247
131,Linet,Peniman,lpeniman3m@ca.gov,Female,199.197.85.216
132,Pepillo,Corwin,pcorwin3n@a8.net,Male,1.251.86.59
133,Lyda,Gosland,lgosland3o@biglobe.ne.jp,Female,254.245.138.209
134,Iosep,Markham,imarkham3p@yelp.com,Male,219.230.26.223
135,Erwin,Younghusband,eyounghusband3q@pcworld.com,Male,64.158.229.121
136,Aggie,Gristock,agristock3r@digg.com,Female,188.223.173.105
137,Dianemarie,Phillimore,dphillimore3s@wsj.com,Female,219.9.104.197
138,Sterne,Edgett,sedgett3t@zdnet.com,Male,244.142.175.196
139,Aurelea,Cypler,acypler3u@census.gov,Female,119.93.44.3
140,Samuele,Isaac,sisaac3v@facebook.com,Male,73.99.49.91
141,Allyn,Cancott,acancott3w@google.com.hk,Male,25.86.184.8
142,Sigmund,Zecchetti,szecchetti3x@mayoclinic.com,Male,218.206.240.203
143,Brigitta,Vayne,bvayne3y@example.com,Female,9.201.154.106
144,Ezra,Kaines,ekaines3z@linkedin.com,Male,156.134.229.62
145,Micky,Bantham,mbantham40@indiegogo.com,Female,222.109.80.205
146,Tybi,Hooban,thooban41@comcast.net,Female,154.183.101.13
147,Lisa,Catton,lcatton42@marketwatch.com,Female,173.49.149.84
148,Alberik,Braunroth,abraunroth43@jalbum.net,Male,136.7.35.119
149,Gusta,Clutten,gclutten44@utexas.edu,Female,205.11.173.39
150,Benedict,Olyfant,bolyfant45@shareasale.com,Male,155.112.136.140
151,Zacherie,Rosendahl,zrosendahl46@ebay.co.uk,Male,90.5.209.102
152,Jaimie,Collinette,jcollinette47@qq.com,Female,105.183.152.252
153,Dougy,Aicken,daicken48@technorati.com,Male,155.14.234.105
154,Elnore,Merrick,emerrick49@sbwire.com,Female,172.27.104.212
155,Svend,Shallcroff,sshallcroff4a@google.ru,Male,28.51.205.243
156,Katina,Martyns,kmartyns4b@ifeng.com,Female,123.207.210.42
157,Marta,Ubsdell,mubsdell4c@hubpages.com,Female,35.185.173.65
158,Ev,Marskell,emarskell4d@toplist.cz,Male,71.67.189.141
159,Waite,Benam,wbenam4e@hp.com,Male,91.1.185.203
160,Bondy,MacRirie,bmacririe4f@constantcontact.com,Male,45.28.122.148
161,Moishe,Chapelhow,mchapelhow4g@studiopress.com,Male,139.246.124.122
162,Ardenia,Tedman,atedman4h@nydailynews.com,Female,1.169.102.149
163,Britney,Kynforth,bkynforth4i@oakley.com,Female,136.168.168.245
164,Cad,Dawkes,cdawkes4j@ow.ly,Male,61.54.108.168
165,Yul,Huckfield,yhuckfield4k@pen.io,Male,239.95.229.115
166,Sari,Redan,sredan4l@yale.edu,Female,0.81.123.52
167,Morlee,Pharro,mpharro4m@ow.ly,Male,144.164.181.131
168,Melany,Dilger,mdilger4n@yale.edu,Female,27.122.111.9
169,Sancho,Postlethwaite,spostlethwaite4o@purevolume.com,Male,102.242.115.214
170,Richmond,Clappson,rclappson4p@slate.com,Male,93.55.67.35
171,Thorsten,Manley,tmanley4q@ameblo.jp,Male,235.68.205.0
172,Katya,Tutton,ktutton4r@angelfire.com,Female,91.163.37.254
173,Spence,Overy,sovery4s@oaic.gov.au,Male,245.163.58.198
174,Rhys,Wilprecht,rwilprecht4t@slate.com,Male,42.232.193.56
175,Ced,Chattington,cchattington4u@craigslist.org,Male,230.123.116.99
176,Jaimie,Kleinfeld,jkleinfeld4v@over-blog.com,Male,93.250.183.132
177,Meade,Van Der Vlies,mvandervlies4w@ucla.edu,Female,11.213.36.130
178,Percival,Barton,pbarton4x@live.com,Male,29.236.110.201
179,Alana,Baldacco,abaldacco4y@miitbeian.gov.cn,Female,241.210.98.243
180,Nealy,Heasly,nheasly4z@statcounter.com,Male,133.27.227.55
181,Pamelina,Forten,pforten50@illinois.edu,Female,197.247.75.233
182,Ericka,Galton,egalton51@wikimedia.org,Female,171.14.228.52
183,Rozele,Welton,rwelton52@prweb.com,Female,228.81.86.82
184,Aldon,Moorey,amoorey53@photobucket.com,Male,175.194.51.28
185,Melvin,Halt,mhalt54@quantcast.com,Male,215.214.228.212
186,Reamonn,Ewington,rewington55@nsw.gov.au,Male,93.117.82.185
187,Dianne,Hukins,dhukins56@4shared.com,Female,179.205.155.165
188,Cathi,Lockwood,clockwood57@infoseek.co.jp,Female,83.105.134.74
189,Sumner,MacAulay,smacaulay58@indiegogo.com,Male,184.224.209.251
190,Sloane,Lanfere,slanfere59@sun.com,Male,87.101.245.100
191,Herve,Staveley,hstaveley5a@epa.gov,Male,186.135.189.34
192,Thorny,Rosell,trosell5b@prweb.com,Male,178.228.131.77
193,Hardy,McPaike,hmcpaike5c@chron.com,Male,116.157.15.4
194,Gustavo,Steely,gsteely5d@businessinsider.com,Male,240.28.38.187
195,Jozef,Balaizot,jbalaizot5e@xrea.com,Male,4.172.235.164
196,Jehu,Lomb,jlomb5f@stumbleupon.com,Male,143.149.85.238
197,Bruis,Snelgrove,bsnelgrove5g@xing.com,Male,176.157.104.108
198,Marius,Schoffel,mschoffel5h@va.gov,Male,167.34.42.173
199,Kaiser,Exposito,kexposito5i@aboutads.info,Male,144.13.1.49
200,Pooh,Krzyzowski,pkrzyzowski5j@sohu.com,Male,247.70.201.3
201,Doralynne,Ciardo,dciardo5k@123-reg.co.uk,Female,98.70.112.124
202,Murvyn,Rennels,mrennels5l@feedburner.com,Male,64.97.10.80
203,Elyn,Whymark,ewhymark5m@lycos.com,Female,12.249.63.11
204,Madlin,Queyeiro,mqueyeiro5n@amazonaws.com,Female,147.186.28.129
205,Eudora,Martinez,emartinez5o@goo.gl,Female,33.249.47.168
206,Mada,Proppers,mproppers5p@eventbrite.com,Female,175.22.78.115
207,Crosby,Maus,cmaus5q@rediff.com,Male,69.185.27.16
208,Veradis,Humpherston,vhumpherston5r@wikia.com,Female,197.130.94.6
209,Dominga,Seldner,dseldner5s@home.pl,Female,235.216.184.153
210,Alberik,Cisco,acisco5t@t.co,Male,210.143.139.250
211,Ketti,Dudden,kdudden5u@yahoo.co.jp,Female,208.57.169.131
212,Amelie,Bartolommeo,abartolommeo5v@unblog.fr,Female,249.194.69.202
213,Dougy,Duffer,dduffer5w@weather.com,Male,237.219.211.149
214,Jose,Isaacson,jisaacson5x@mediafire.com,Male,55.102.8.72
215,Fin,Silkston,fsilkston5y@indiatimes.com,Male,41.151.43.118
216,Conan,Lamball,clamball5z@naver.com,Male,245.98.218.103
217,Tiphani,Luquet,tluquet60@biblegateway.com,Female,161.151.69.15
218,Pierre,McGaughay,pmcgaughay61@mediafire.com,Male,79.108.13.41
219,Egon,Blodget,eblodget62@ocn.ne.jp,Male,51.123.1.47
220,Cull,Cann,ccann63@buzzfeed.com,Male,49.247.149.208
221,Darci,Tuffrey,dtuffrey64@sina.com.cn,Female,69.147.68.105
222,Wilhelmina,Torrie,wtorrie65@usa.gov,Female,15.37.55.197
223,Cyrill,Doge,cdoge66@umich.edu,Male,68.24.177.170
224,Kirby,Olin,kolin67@qq.com,Male,152.72.88.134
225,Catlee,Samsin,csamsin68@tripod.com,Female,31.122.56.161
226,Derry,Dusting,ddusting69@about.me,Male,246.178.92.53
227,Orren,Bourdon,obourdon6a@redcross.org,Male,7.230.44.228
228,Pollyanna,Brice,pbrice6b@odnoklassniki.ru,Female,247.237.74.141
229,Bucky,Dykas,bdykas6c@ftc.gov,Male,167.136.159.49
230,Jo-anne,Gadault,jgadault6d@dion.ne.jp,Female,80.167.122.133
231,Dela,Willans,dwillans6e@boston.com,Female,109.201.112.220
232,Rollie,Mulvey,rmulvey6f@dagondesign.com,Male,93.148.91.242
233,Brande,Woodger,bwoodger6g@chron.com,Female,115.167.46.37
234,Jorrie,Spoor,jspoor6h@github.io,Female,235.4.196.194
235,Lolita,Rooms,lrooms6i@hugedomains.com,Female,228.159.139.81
236,Gil,Lacotte,glacotte6j@edublogs.org,Male,83.123.180.149
237,Romain,Hollidge,rhollidge6k@hexun.com,Male,209.130.200.146
238,Sigismond,Artrick,sartrick6l@photobucket.com,Male,58.93.58.122
239,Kaela,Burkart,kburkart6m@wikipedia.org,Female,202.35.61.246
240,Clemmy,Newis,cnewis6n@paypal.com,Male,107.93.72.213
241,Pace,Emmins,pemmins6o@dagondesign.com,Male,125.110.76.9
242,Carce,Seldon,cseldon6p@ftc.gov,Male,197.159.87.152
243,Adolpho,Cleiment,acleiment6q@wikipedia.org,Male,142.249.219.223
244,Natasha,Bere,nbere6r@comsenz.com,Female,191.101.229.70
245,Lotte,Ings,lings6s@webs.com,Female,99.140.245.147
246,Cozmo,Randalston,crandalston6t@bizjournals.com,Male,26.197.46.54
247,Cleopatra,Wilmot,cwilmot6u@imageshack.us,Female,124.109.39.115
248,Yuma,Seath,yseath6v@themeforest.net,Male,229.31.199.95
249,Durand,Cator,dcator6w@alexa.com,Male,15.23.152.159
250,Derron,Deakan,ddeakan6x@oaic.gov.au,Male,165.255.153.116
251,Jobie,Jagiello,jjagiello6y@geocities.jp,Female,140.22.133.56
252,Mikel,Jertz,mjertz6z@tamu.edu,Male,245.10.33.97
253,Putnam,Bulward,pbulward70@oaic.gov.au,Male,59.233.198.243
254,Janeta,Skelbeck,jskelbeck71@ehow.com,Female,221.72.57.128
255,Luz,Mitkov,lmitkov72@sohu.com,Female,64.210.181.90
256,Finn,Kleinmintz,fkleinmintz73@newyorker.com,Male,117.105.217.46
257,Harlene,Levison,hlevison74@indiatimes.com,Female,50.173.6.183
258,Jarrad,Ferretti,jferretti75@freewebs.com,Male,52.199.82.184
259,Austen,Brideoke,abrideoke76@bing.com,Male,215.132.29.99
260,Blinni,Betje,bbetje77@bloomberg.com,Female,154.98.116.74
261,Robbie,Wrotchford,rwrotchford78@istockphoto.com,Male,34.26.1.239
262,Rafael,Cheak,rcheak79@so-net.ne.jp,Male,117.170.194.20
263,Tomkin,Vittery,tvittery7a@sun.com,Male,86.85.65.39
264,Benton,Tayspell,btayspell7b@yolasite.com,Male,208.154.215.210
265,Rolfe,Scrimgeour,rscrimgeour7c@theguardian.com,Male,175.252.242.102
266,Kirbee,Whatford,kwhatford7d@amazonaws.com,Female,49.188.40.34
267,Damita,Vivien,dvivien7e@fotki.com,Female,37.147.133.217
268,Ola,McMurray,omcmurray7f@mozilla.com,Female,161.16.99.14
269,Kalinda,Padginton,kpadginton7g@google.nl,Female,71.147.41.9
270,Vincents,Bothe,vbothe7h@usatoday.com,Male,106.67.77.15
271,Blake,Nortunen,bnortunen7i@google.pl,Female,22.51.13.43
272,Brendis,Banasevich,bbanasevich7j@issuu.com,Male,160.241.109.99
273,Leeland,Kobiera,lkobiera7k@answers.com,Male,237.230.120.155
274,Tedra,Debow,tdebow7l@fastcompany.com,Female,201.128.73.133
275,Fanchette,Simnett,fsimnett7m@census.gov,Female,53.165.7.203
276,Jarrid,Teresa,jteresa7n@theguardian.com,Male,81.90.226.184
277,Claus,Monnelly,cmonnelly7o@macromedia.com,Male,13.165.98.127
278,Laural,Antushev,lantushev7p@mozilla.org,Female,84.69.104.136
279,Brendin,Langham,blangham7q@census.gov,Male,42.137.154.157
280,Idalia,Mattiacci,imattiacci7r@e-recht24.de,Female,88.183.241.63
281,Chelsey,Crook,ccrook7s@unesco.org,Female,247.225.252.98
282,Godart,d' Eye,gdeye7t@dedecms.com,Male,134.190.60.91
283,Jarib,Stewartson,jstewartson7u@deviantart.com,Male,219.254.187.127
284,Samson,Clohisey,sclohisey7v@g.co,Male,147.86.80.0
285,Hillard,Prate,hprate7w@goodreads.com,Male,135.184.247.188
286,Grissel,Tewkesbury.,gtewkesbury7x@salon.com,Female,28.42.195.90
287,Madelin,Francklyn,mfrancklyn7y@hud.gov,Female,100.194.193.159
288,Geri,Connochie,gconnochie7z@businesswire.com,Male,213.164.218.27
289,Boot,Tine,btine80@pinterest.com,Male,80.7.156.135
290,Morgen,Wildish,mwildish81@un.org,Male,225.68.186.52
291,Sofie,Edowes,sedowes82@delicious.com,Female,192.9.30.163
292,Celestyn,Danilov,cdanilov83@usnews.com,Female,141.235.238.33
293,Fitzgerald,Buttwell,fbuttwell84@opera.com,Male,38.29.59.221
294,Hewitt,Valentin,hvalentin85@1und1.de,Male,103.139.36.3
295,Ely,Lackney,elackney86@yandex.ru,Male,113.135.170.121
296,Timmie,Cleverley,tcleverley87@msu.edu,Male,100.148.82.170
297,Glenine,Klauer,gklauer88@printfriendly.com,Female,102.177.72.210
298,Moshe,Fawssett,mfawssett89@shutterfly.com,Male,219.111.132.26
299,Tad,Caldwall,tcaldwall8a@home.pl,Male,128.46.238.209
300,Ekaterina,Muzzini,emuzzini8b@ovh.net,Female,120.228.176.189
301,Dusty,Reekie,dreekie8c@cam.ac.uk,Female,100.114.161.6
302,Griselda,Franzewitch,gfranzewitch8d@discovery.com,Female,179.160.54.120
303,Joyous,Hallen,jhallen8e@ocn.ne.jp,Female,251.92.189.64
304,Deeanne,Cabrales,dcabrales8f@jalbum.net,Female,56.159.59.134
305,Rollins,Toplin,rtoplin8g@scientificamerican.com,Male,177.244.66.27
306,Emmalee,Lodeke,elodeke8h@reverbnation.com,Female,187.100.238.146
307,Jeane,Corsan,jcorsan8i@jiathis.com,Female,96.229.221.62
308,Archibold,Pudden,apudden8j@spotify.com,Male,193.116.146.180
309,Layton,Lowe,llowe8k@dmoz.org,Male,8.131.109.239
310,Olva,McCulloch,omcculloch8l@eventbrite.com,Female,81.55.107.24
311,Carlyle,Gubbin,cgubbin8m@google.ru,Male,106.125.6.248
312,Ebony,Akitt,eakitt8n@gnu.org,Female,23.167.184.74
313,Tana,Rohmer,trohmer8o@google.com.br,Female,229.20.13.91
314,Eliot,de la Valette Parisot,edelavaletteparisot8p@ftc.gov,Male,24.22.241.27
315,Mariejeanne,Cumbes,mcumbes8q@unblog.fr,Female,166.31.137.76
316,Massimiliano,Ferschke,mferschke8r@skyrock.com,Male,254.100.90.126
317,Deny,Cankett,dcankett8s@apple.com,Female,40.88.230.178
318,Gilberte,Falkinder,gfalkinder8t@alibaba.com,Female,165.136.18.13
319,Gusta,Hawler,ghawler8u@disqus.com,Female,132.0.239.15
320,Winnah,Westcarr,wwestcarr8v@squidoo.com,Female,209.156.237.15
321,Guillaume,Priddy,gpriddy8w@businessinsider.com,Male,168.236.163.135
322,Drew,Adamowicz,dadamowicz8x@printfriendly.com,Male,203.165.253.33
323,Tanner,Begin,tbegin8y@drupal.org,Male,64.59.83.34
324,Lorri,Cudbertson,lcudbertson8z@ca.gov,Female,176.181.66.147
325,Caprice,Dolphin,cdolphin90@google.com.hk,Female,90.223.105.224
326,Jodi,McCurtain,jmccurtain91@printfriendly.com,Male,144.233.232.220
327,Gradey,Stothert,gstothert92@webs.com,Male,31.75.105.210
328,Elyse,Jozwicki,ejozwicki93@deviantart.com,Female,172.124.169.20
329,Shalne,Buff,sbuff94@marketwatch.com,Female,115.67.58.209
330,Maiga,Malcolmson,mmalcolmson95@theguardian.com,Female,110.202.163.199
331,Cherianne,Juett,cjuett96@epa.gov,Female,138.147.190.78
332,Arnaldo,Maskall,amaskall97@senate.gov,Male,141.6.25.41
333,Yolande,Barnhill,ybarnhill98@google.com,Female,219.34.253.35
334,Rockie,Fortnum,rfortnum99@paypal.com,Male,203.206.156.61
335,Obadias,Mendus,omendus9a@i2i.jp,Male,184.96.191.119
336,Kermit,Quig,kquig9b@businessweek.com,Male,52.179.197.61
337,Lonnie,Kidwell,lkidwell9c@shop-pro.jp,Female,206.72.220.153
338,Paige,Gentiry,pgentiry9d@ucoz.com,Female,241.91.61.74
339,Ferdinanda,Rodgier,frodgier9e@goo.gl,Female,222.71.243.220
340,Raddie,Alexandersson,ralexandersson9f@ebay.com,Male,110.4.132.228
341,Abby,Noye,anoye9g@ebay.co.uk,Male,63.247.210.3
342,Pacorro,Mazzei,pmazzei9h@thetimes.co.uk,Male,56.170.167.20
343,Birk,Wildey,bwildey9i@army.mil,Male,101.153.238.85
344,Dalenna,Sausman,dsausman9j@flavors.me,Female,242.91.73.6
345,Lauren,Robertson,lrobertson9k@twitpic.com,Female,9.19.4.190
346,Arnaldo,Lody,alody9l@mac.com,Male,92.249.87.105
347,Terri,Ketts,tketts9m@marriott.com,Male,69.95.160.196
348,Cornelia,Robbeke,crobbeke9n@51.la,Female,155.110.175.161
349,Gregorio,Stather,gstather9o@shutterfly.com,Male,134.237.62.103
350,Alidia,Frandsen,afrandsen9p@psu.edu,Female,159.10.26.26
351,Valry,Dilgarno,vdilgarno9q@google.com.au,Female,30.30.247.198
352,Kinnie,Cogzell,kcogzell9r@qq.com,Male,183.125.169.57
353,Jay,Greenhowe,jgreenhowe9s@wix.com,Male,25.14.57.218
354,Lark,Fynan,lfynan9t@sitemeter.com,Female,15.169.119.125
355,Lisetta,Winmill,lwinmill9u@spotify.com,Female,187.109.222.191
356,Sanderson,Rawsen,srawsen9v@reuters.com,Male,1.100.104.201
357,Cam,Crowdace,ccrowdace9w@auda.org.au,Male,125.200.28.77
358,Saunders,Frie,sfrie9x@google.pl,Male,249.241.186.204
359,Kimberli,Labdon,klabdon9y@japanpost.jp,Female,112.222.236.106
360,Lizzy,Forty,lforty9z@si.edu,Female,121.46.218.32
361,Bartel,Furmage,bfurmagea0@oracle.com,Male,25.105.85.178
362,Silvain,Brankley,sbrankleya1@theglobeandmail.com,Male,156.130.163.136
363,Bird,Bonnett,bbonnetta2@mysql.com,Female,78.229.234.76
364,Cassie,Wyley,cwyleya3@nih.gov,Female,30.247.225.40
365,Benny,Sandiland,bsandilanda4@blogger.com,Male,174.158.17.106
366,Sherie,Alejandre,salejandrea5@discovery.com,Female,54.51.0.92
367,Ethelin,Garry,egarrya6@amazon.de,Female,175.30.149.48
368,Talbot,Percival,tpercivala7@nih.gov,Male,13.212.226.103
369,Stafani,Middleweek,smiddleweeka8@seattletimes.com,Female,227.124.201.178
370,Rowland,Pettican,rpetticana9@nasa.gov,Male,30.245.118.60
371,Bayard,Phizacklea,bphizackleaaa@ycombinator.com,Male,219.251.181.247
372,Pace,Lammas,plammasab@mayoclinic.com,Male,254.5.199.32
373,Cliff,Medland,cmedlandac@php.net,Male,130.68.239.36
374,Panchito,Tolliday,ptollidayad@boston.com,Male,227.24.34.89
375,Ian,Todari,itodariae@furl.net,Male,28.236.209.2
376,Arluene,Dedney,adedneyaf@howstuffworks.com,Female,200.105.231.65
377,Nola,Bromell,nbromellag@fda.gov,Female,213.149.3.195
378,Lily,Hughes,lhughesah@msn.com,Female,56.14.90.207
379,Brandie,Tuftin,btuftinai@friendfeed.com,Female,255.152.224.90
380,Maegan,Pipet,mpipetaj@ask.com,Female,79.160.70.255
381,Troy,Huntriss,thuntrissak@moonfruit.com,Male,78.78.190.20
382,Sophronia,Deverale,sdeveraleal@phoca.cz,Female,10.28.12.224
383,Leonard,Mennell,lmennellam@google.de,Male,93.96.201.220
384,Dimitri,Wimlet,dwimletan@xinhuanet.com,Male,184.195.226.34
385,Tobye,Gibbonson,tgibbonsonao@forbes.com,Female,151.255.0.156
386,Jo,Sydes,jsydesap@amazon.co.jp,Male,5.243.158.201
387,Madeline,Reignould,mreignouldaq@mashable.com,Female,57.208.234.229
388,Madison,Blackley,mblackleyar@wordpress.com,Male,158.145.118.9
389,Yul,Sheridan,ysheridanas@youku.com,Male,48.126.13.85
390,Eloisa,Dibson,edibsonat@who.int,Female,0.228.130.14
391,Flem,Hulkes,fhulkesau@freewebs.com,Male,237.96.194.124
392,Marguerite,Tewes,mtewesav@gmpg.org,Female,110.159.163.40
393,Nicko,Crookshanks,ncrookshanksaw@cisco.com,Male,173.184.54.101
394,Pepe,Prendeguest,pprendeguestax@state.tx.us,Male,132.205.117.80
395,Cob,Bills,cbillsay@gnu.org,Male,109.13.160.37
396,Adolf,Parcell,aparcellaz@gnu.org,Male,71.217.246.68
397,Mandi,Trelease,mtreleaseb0@tuttocitta.it,Female,30.98.90.248
398,Cyril,Rooney,crooneyb1@eepurl.com,Male,5.192.198.44
399,Jamill,Palia,jpaliab2@soundcloud.com,Male,244.94.11.231
400,Eben,Strephan,estrephanb3@surveymonkey.com,Male,254.151.71.10
401,Niels,Keeting,nkeetingb4@vk.com,Male,33.215.104.104
402,Jillene,Swetland,jswetlandb5@dagondesign.com,Female,184.132.34.187
403,Aime,Kupec,akupecb6@walmart.com,Female,220.205.203.73
404,Riki,Harkin,rharkinb7@ask.com,Female,212.98.31.160
405,Ketti,Potkin,kpotkinb8@smugmug.com,Female,52.206.102.207
406,Orly,Anfossi,oanfossib9@icio.us,Female,223.112.244.6
407,Adolphus,Calder,acalderba@trellian.com,Male,217.206.235.99
408,Lyn,Sibbons,lsibbonsbb@google.ca,Male,152.104.30.48
409,Jeromy,MacFadzean,jmacfadzeanbc@csmonitor.com,Male,30.234.207.132
410,Stevie,Mitchenson,smitchensonbd@qq.com,Male,80.64.171.189
411,Simmonds,Becke,sbeckebe@wsj.com,Male,187.192.6.233
412,Mallissa,Goodby,mgoodbybf@twitpic.com,Female,95.237.181.249
413,Malchy,Skippon,mskipponbg@google.co.uk,Male,38.29.194.158
414,Allie,Morrill,amorrillbh@tinyurl.com,Female,213.244.117.227
415,Shaughn,Seagrove,sseagrovebi@ihg.com,Male,137.85.135.184
416,Ladonna,Haily,lhailybj@wufoo.com,Female,180.159.147.223
417,Wolfie,Felmingham,wfelminghambk@wisc.edu,Male,22.255.44.47
418,Shepherd,Boost,sboostbl@dailymotion.com,Male,120.89.122.46
419,Ninon,Dominichetti,ndominichettibm@qq.com,Female,254.87.52.124
420,Bone,Asmus,basmusbn@ucla.edu,Male,74.219.117.247
421,Monah,Rillatt,mrillattbo@abc.net.au,Female,67.211.100.69
422,Aridatha,Michie,amichiebp@tinyurl.com,Female,183.209.104.163
423,Markus,Hitter,mhitterbq@netscape.com,Male,11.115.171.169
424,Carroll,Biddles,cbiddlesbr@disqus.com,Male,145.100.57.96
425,Berrie,Laker,blakerbs@dot.gov,Female,117.2.50.163
426,Leelah,Giveen,lgiveenbt@vistaprint.com,Female,58.174.218.157
427,Khalil,Alfuso,kalfusobu@newsvine.com,Male,141.252.119.105
428,Ky,Bottoner,kbottonerbv@vistaprint.com,Male,234.83.200.14
429,Melba,Brodest,mbrodestbw@wsj.com,Female,95.218.35.68
430,Ianthe,Gosker,igoskerbx@census.gov,Female,245.179.77.70
431,Margalo,Sabater,msabaterby@elegantthemes.com,Female,235.248.151.246
432,Hervey,Barme,hbarmebz@ftc.gov,Male,23.3.78.91
433,Twila,Letixier,tletixierc0@addtoany.com,Female,110.61.146.157
434,Dominga,Wilcher,dwilcherc1@msn.com,Female,242.77.208.182
435,Nona,Dixson,ndixsonc2@arstechnica.com,Female,138.103.32.136
436,Allys,Jados,ajadosc3@blogs.com,Female,8.180.82.23
437,Bettye,Burt,bburtc4@gizmodo.com,Female,39.162.126.102
438,Sophey,Botfield,sbotfieldc5@house.gov,Female,35.130.66.200
439,Melinda,Fray,mfrayc6@state.gov,Female,245.2.100.239
440,Freddie,Kuhnhardt,fkuhnhardtc7@jiathis.com,Female,195.10.227.114
441,Worthington,Enser,wenserc8@merriam-webster.com,Male,225.116.241.11
442,Leelah,Rushsorth,lrushsorthc9@youtube.com,Female,208.245.81.82
443,Dene,Haibel,dhaibelca@marketwatch.com,Male,191.123.184.72
444,Theda,Finey,tfineycb@senate.gov,Female,38.98.248.130
445,Jervis,Terrans,jterranscc@scribd.com,Male,250.20.22.244
446,Yulma,Wyatt,ywyattcd@reddit.com,Male,187.78.42.19
447,Inger,Rapelli,irapellice@altervista.org,Female,44.118.157.166
448,Greta,Simkins,gsimkinscf@hugedomains.com,Female,195.254.190.209
449,Laurens,Marjanovic,lmarjanoviccg@wp.com,Male,195.245.144.53
450,Misty,Sprankling,mspranklingch@ning.com,Female,122.248.17.197
451,Tiler,Dredge,tdredgeci@ycombinator.com,Male,40.219.139.130
452,Anton,Sumshon,asumshoncj@bbc.co.uk,Male,102.163.74.160
453,Leeland,Algate,lalgateck@mapquest.com,Male,163.131.174.111
454,Merrel,Berkery,mberkerycl@amazonaws.com,Male,233.42.3.220
455,Benita,Lishman,blishmancm@cisco.com,Female,102.34.254.57
456,Trev,Ferriman,tferrimancn@oakley.com,Male,106.23.130.149
457,Aldwin,Mattson,amattsonco@list-manage.com,Male,108.75.160.185
458,Ewan,Abramcik,eabramcikcp@cam.ac.uk,Male,144.142.98.201
459,Wood,Corsan,wcorsancq@list-manage.com,Male,245.34.251.167
460,Hertha,Bunclark,hbunclarkcr@columbia.edu,Female,75.127.153.173
461,Sheppard,Agneau,sagneaucs@phpbb.com,Male,27.118.133.27
462,Rochelle,Wattinham,rwattinhamct@tumblr.com,Female,87.173.247.131
463,Hadleigh,Ferenc,hferenccu@oakley.com,Male,240.109.81.30
464,Ardella,Phippin,aphippincv@bandcamp.com,Female,21.230.234.53
465,Hailey,Rudsdale,hrudsdalecw@wikimedia.org,Male,224.196.71.97
466,Vaughan,Edney,vedneycx@cafepress.com,Male,95.170.146.10
467,Laurianne,Ox,loxcy@nasa.gov,Female,127.104.195.64
468,Stevana,Discombe,sdiscombecz@nps.gov,Female,132.217.42.26
469,Nari,Layborn,nlaybornd0@hud.gov,Female,78.160.70.51
470,Terra,Gouny,tgounyd1@japanpost.jp,Female,148.126.56.69
471,Peri,Ayris,payrisd2@yandex.ru,Female,169.151.251.83
472,Regine,Yann,ryannd3@netvibes.com,Female,70.145.117.136
473,Thorin,Husthwaite,thusthwaited4@jiathis.com,Male,185.121.106.209
474,Zedekiah,Gude,zguded5@bloomberg.com,Male,209.26.50.160
475,Juliet,Abbati,jabbatid6@umich.edu,Female,234.21.207.72
476,Clotilda,Kausche,ckausched7@ed.gov,Female,224.2.158.235
477,Johny,Sargant,jsargantd8@csmonitor.com,Male,58.94.193.174
478,Rhett,Eburah,reburahd9@networkadvertising.org,Male,29.11.196.81
479,Ethan,Forth,eforthda@myspace.com,Male,28.196.188.177
480,Dicky,Geke,dgekedb@netvibes.com,Male,94.224.103.141
481,Riki,Lowe,rlowedc@wordpress.org,Female,39.175.11.87
482,Rodolfo,Conachy,rconachydd@list-manage.com,Male,21.5.63.190
483,Gustavo,Lygo,glygode@ezinearticles.com,Male,112.43.21.241
484,Theodore,Dabbes,tdabbesdf@paginegialle.it,Male,165.132.138.116
485,Bale,Nisen,bnisendg@google.es,Male,87.32.4.251
486,Curr,Marty,cmartydh@51.la,Male,236.171.78.164
487,Myrtice,Jaskowicz,mjaskowiczdi@sbwire.com,Female,4.215.141.199
488,Marian,Glowinski,mglowinskidj@mapy.cz,Female,88.164.202.206
489,Meagan,Philps,mphilpsdk@ihg.com,Female,186.2.237.74
490,Haleigh,Whiterod,hwhiteroddl@weebly.com,Male,64.3.202.203
491,Evangeline,Pedlingham,epedlinghamdm@bluehost.com,Female,170.52.66.238
492,Shurlocke,Handy,shandydn@dion.ne.jp,Male,179.68.101.149
493,Yalonda,Haggie,yhaggiedo@goodreads.com,Female,192.191.168.236
494,Chaddy,Mendez,cmendezdp@altervista.org,Male,229.142.240.233
495,Val,Whiten,vwhitendq@hc360.com,Male,205.126.215.12
496,Kurt,Bennetto,kbennettodr@foxnews.com,Male,83.225.180.42
497,Cos,Praundlin,cpraundlinds@altervista.org,Male,80.233.46.52
498,Laurel,Moule,lmouledt@baidu.com,Female,15.32.194.48
499,Sheena,Lownsbrough,slownsbroughdu@fc2.com,Female,27.158.17.162
500,Andrei,Cadreman,acadremandv@vimeo.com,Female,77.207.135.1
501,Perla,Braunle,pbraunledw@accuweather.com,Female,25.38.123.241
502,Allegra,Keegan,akeegandx@mozilla.com,Female,18.211.218.202
503,Madlen,Lamyman,mlamymandy@shop-pro.jp,Female,77.151.193.93
504,Kenon,McVee,kmcveedz@intel.com,Male,229.144.33.110
505,Vanessa,Eltringham,veltringhame0@netlog.com,Female,197.146.72.56
506,Travus,Garrett,tgarrette1@opensource.org,Male,171.119.202.181
507,Milicent,Woolaghan,mwoolaghane2@altervista.org,Female,57.222.14.146
508,Fleurette,Simmell,fsimmelle3@unc.edu,Female,72.212.50.224
509,Crichton,Do,cdoe4@a8.net,Male,144.65.173.243
510,Maximilianus,Sowte,msowtee5@t-online.de,Male,192.182.87.219
511,Tilly,Marczyk,tmarczyke6@google.ca,Female,13.147.219.159
512,Clywd,O'Roan,coroane7@so-net.ne.jp,Male,135.0.198.105
513,Velma,Lambrook,vlambrooke8@privacy.gov.au,Female,134.36.205.122
514,Christopher,Loram,clorame9@disqus.com,Male,181.97.174.244
515,Silvester,Burdikin,sburdikinea@upenn.edu,Male,219.232.81.155
516,Katha,Clendennen,kclendenneneb@naver.com,Female,225.156.234.14
517,Emma,Arrowsmith,earrowsmithec@bravesites.com,Female,122.125.199.48
518,Dalston,Broom,dbroomed@soup.io,Male,39.249.142.158
519,Ernestus,Paolino,epaolinoee@live.com,Male,29.163.16.23
520,Mortimer,Ruddiman,mruddimanef@toplist.cz,Male,11.193.53.59
521,Sherie,Churly,schurlyeg@redcross.org,Female,193.124.253.66
522,Lind,Holde,lholdeeh@ed.gov,Male,235.37.230.49
523,Lloyd,Ladbrooke,lladbrookeei@hhs.gov,Male,115.126.51.173
524,Catharine,Christer,cchristerej@un.org,Female,1.188.217.111
525,Dennis,Poundsford,dpoundsfordek@ucsd.edu,Male,98.30.73.23
526,Imojean,Di Biasio,idibiasioel@go.com,Female,0.42.202.147
527,Cynde,Oleszkiewicz,coleszkiewiczem@mozilla.com,Female,174.200.35.21
528,Bryn,Kettlestringe,bkettlestringeen@hp.com,Male,129.29.211.211
529,Kalli,McKinless,kmckinlesseo@rambler.ru,Female,202.195.29.221
530,Dayna,Prattin,dprattinep@scientificamerican.com,Female,8.146.237.10
531,Town,Wankel,twankeleq@youtube.com,Male,94.18.80.8
532,Gasparo,Manwell,gmanweller@multiply.com,Male,91.153.169.238
533,Dian,Loveman,dlovemanes@smugmug.com,Female,234.79.134.168
534,Emelen,Nisard,enisardet@printfriendly.com,Male,244.154.225.27
535,Kelsy,Handy,khandyeu@ask.com,Female,127.135.75.127
536,Cornelia,Radden,craddenev@si.edu,Female,168.82.194.67
537,Pat,Skoof,pskoofew@yahoo.com,Male,145.169.247.236
538,Rickard,Gyorffy,rgyorffyex@paginegialle.it,Male,236.56.245.48
539,Shandie,Rowson,srowsoney@thetimes.co.uk,Female,172.28.110.166
540,Adele,Edeson,aedesonez@gmpg.org,Female,6.154.149.6
541,Dore,MacAdam,dmacadamf0@sitemeter.com,Male,6.17.131.114
542,Deb,Mallan,dmallanf1@dailymail.co.uk,Female,193.166.250.21
543,Gabi,Cubin,gcubinf2@shareasale.com,Female,183.29.139.179
544,Garrek,Bruneau,gbruneauf3@123-reg.co.uk,Male,207.238.141.88
545,Archibald,Weatherall,aweatherallf4@barnesandnoble.com,Male,171.166.204.29
546,Chris,Doerffer,cdoerfferf5@senate.gov,Male,147.53.248.217
547,Lanny,Horley,lhorleyf6@cnn.com,Female,89.104.181.3
548,Linda,Eggleston,legglestonf7@domainmarket.com,Female,1.83.161.81
549,Sheffy,Gartell,sgartellf8@washingtonpost.com,Male,45.41.249.170
550,Lynett,Osgorby,losgorbyf9@netlog.com,Female,245.77.1.185
551,Emmit,Skrines,eskrinesfa@nifty.com,Male,22.143.253.130
552,Abba,Ivan,aivanfb@exblog.jp,Male,228.174.50.40
553,Hollie,Jorat,hjoratfc@seattletimes.com,Female,2.240.235.82
554,Brandice,Piscot,bpiscotfd@sbwire.com,Female,124.73.103.201
555,Etienne,Gyurko,egyurkofe@i2i.jp,Male,80.133.109.155
556,Regan,Etchell,retchellff@google.com.br,Female,104.252.1.19
557,Corry,Phripp,cphrippfg@slate.com,Female,55.16.238.73
558,Viviene,Drinkwater,vdrinkwaterfh@yellowpages.com,Female,178.218.230.55
559,Maryjo,Hinchon,mhinchonfi@google.com.br,Female,224.188.66.154
560,Lydia,Weedon,lweedonfj@t.co,Female,188.162.184.47
561,Sean,Gorring,sgorringfk@google.es,Male,224.217.117.119
562,Adelind,O'Bradden,aobraddenfl@last.fm,Female,107.204.189.11
563,Dru,Morrissey,dmorrisseyfm@phoca.cz,Male,31.55.28.153
564,Herculie,Andreoletti,handreolettifn@washingtonpost.com,Male,103.255.113.113
565,Logan,Fouch,lfouchfo@ebay.co.uk,Male,188.185.205.85
566,Arv,Sidworth,asidworthfp@mlb.com,Male,52.192.220.171
567,Kain,Varfalameev,kvarfalameevfq@tinypic.com,Male,251.64.173.97
568,Murial,Rantoul,mrantoulfr@people.com.cn,Female,105.7.148.84
569,Edie,Ingray,eingrayfs@answers.com,Female,250.229.184.15
570,Quintin,Ladson,qladsonft@unc.edu,Male,6.59.251.87
571,Leann,Kenway,lkenwayfu@chron.com,Female,113.88.207.241
572,Revkah,Wardall,rwardallfv@multiply.com,Female,96.172.80.220
573,Conney,Thurman,cthurmanfw@jiathis.com,Male,119.53.54.1
574,Berkie,Merriott,bmerriottfx@va.gov,Male,31.214.51.15
575,Jessa,Leipoldt,jleipoldtfy@cdc.gov,Female,160.167.170.100
576,Herbie,Blofield,hblofieldfz@themeforest.net,Male,81.182.162.14
577,Rodi,Isenor,risenorg0@census.gov,Female,39.206.207.216
578,Arvin,Leveritt,aleverittg1@canalblog.com,Male,50.48.19.57
579,Jerrome,Frowde,jfrowdeg2@g.co,Male,203.131.64.245
580,Nat,Venes,nvenesg3@utexas.edu,Female,122.50.57.249
581,Ashia,Ballston,aballstong4@usnews.com,Female,218.92.167.173
582,Jaymie,Birdwhistell,jbirdwhistellg5@bloglines.com,Male,224.29.125.148
583,Abram,Daens,adaensg6@tumblr.com,Male,221.41.109.55
584,Rochell,Proven,rproveng7@umn.edu,Female,101.206.182.42
585,Almeta,Nutbeem,anutbeemg8@harvard.edu,Female,72.187.227.208
586,Lloyd,Baldung,lbaldungg9@smugmug.com,Male,81.125.125.210
587,Paule,Tilford,ptilfordga@discuz.net,Female,247.112.207.4
588,Mildred,Bussell,mbussellgb@go.com,Female,33.2.194.134
589,Hyacintha,Duthy,hduthygc@opera.com,Female,74.211.127.232
590,Idalia,Matteacci,imatteaccigd@netlog.com,Female,239.101.6.71
591,Therine,Chaucer,tchaucerge@meetup.com,Female,29.109.238.244
592,Hamlen,Ditch,hditchgf@shutterfly.com,Male,220.238.95.112
593,Darsie,Gillfillan,dgillfillangg@nydailynews.com,Female,71.10.25.109
594,Arleen,Wild,awildgh@cnbc.com,Female,210.228.135.141
595,Milt,Andrews,mandrewsgi@omniture.com,Male,18.151.249.38
596,Tuck,Scoon,tscoongj@tripod.com,Male,230.9.34.228
597,Georgie,Jenne,gjennegk@dailymail.co.uk,Female,112.172.134.50
598,Wilbert,Baison,wbaisongl@oakley.com,Male,219.85.199.89
599,Jolee,Mellor,jmellorgm@dion.ne.jp,Female,26.150.72.69
600,Avrom,Bracco,abraccogn@odnoklassniki.ru,Male,173.41.49.196
601,Lynn,Abatelli,labatelligo@mediafire.com,Female,134.47.29.146
602,Marve,Folke,mfolkegp@yahoo.co.jp,Male,228.148.44.165
603,Nickolai,Eick,neickgq@webeden.co.uk,Male,225.21.114.250
604,Dyane,Ghelardoni,dghelardonigr@linkedin.com,Female,201.57.74.174
605,Helen,Fanshaw,hfanshawgs@wunderground.com,Female,105.242.143.244
606,Fiona,Matuszkiewicz,fmatuszkiewiczgt@ibm.com,Female,254.212.41.95
607,Mara,Wrey,mwreygu@joomla.org,Female,208.245.148.214
608,Zed,Oliveto,zolivetogv@clickbank.net,Male,254.165.222.38
609,Sheff,Bygrove,sbygrovegw@engadget.com,Male,100.36.48.20
610,Vincents,Peyntue,vpeyntuegx@people.com.cn,Male,51.64.87.111
611,Brigg,Giacomazzo,bgiacomazzogy@macromedia.com,Male,157.251.204.168
612,Waylin,Hriinchenko,whriinchenkogz@redcross.org,Male,93.124.203.154
613,Jolyn,Daniel,jdanielh0@pen.io,Female,101.192.70.53
614,Robert,Jeannel,rjeannelh1@arizona.edu,Male,189.14.42.211
615,Balduin,Rouse,brouseh2@ovh.net,Male,178.253.221.234
616,Tootsie,Morrell,tmorrellh3@ox.ac.uk,Female,195.53.255.99
617,Rudd,McAllester,rmcallesterh4@soup.io,Male,12.148.150.158
618,Melvin,Speight,mspeighth5@imageshack.us,Male,82.89.138.14
619,Carissa,Pugh,cpughh6@jiathis.com,Female,251.176.191.100
620,Stavros,Jagielski,sjagielskih7@bigcartel.com,Male,42.50.35.14
621,Afton,Baltzar,abaltzarh8@un.org,Female,10.9.33.47
622,Jarib,Boggas,jboggash9@sogou.com,Male,204.126.204.95
623,Glen,Blanket,gblanketha@webmd.com,Male,50.11.253.85
624,Kerwin,McHugh,kmchughhb@dmoz.org,Male,64.245.124.116
625,Reyna,Burnand,rburnandhc@mapquest.com,Female,248.9.93.125
626,Hedda,Solman,hsolmanhd@i2i.jp,Female,253.202.209.27
627,Guillema,Cruikshanks,gcruikshankshe@admin.ch,Female,204.222.109.139
628,Donn,Maypother,dmaypotherhf@cisco.com,Male,247.169.185.127
629,Raye,Gerg,rgerghg@meetup.com,Female,21.175.143.78
630,Gwenni,Genty,ggentyhh@amazon.co.jp,Female,234.62.33.151
631,Delano,Godain,dgodainhi@netlog.com,Male,115.114.63.46
632,Kizzie,Audsley,kaudsleyhj@sfgate.com,Female,52.161.249.93
633,Reggi,Rayson,rraysonhk@usa.gov,Female,175.124.220.85
634,Saleem,Kinder,skinderhl@wikipedia.org,Male,195.179.175.193
635,Stillman,Jukes,sjukeshm@infoseek.co.jp,Male,15.230.233.178
636,Ase,Treadger,atreadgerhn@usatoday.com,Male,85.116.10.248
637,Harley,Skellen,hskellenho@is.gd,Female,15.49.182.155
638,Rodolph,Ballefant,rballefanthp@biblegateway.com,Male,132.178.242.212
639,Padriac,McEvilly,pmcevillyhq@tuttocitta.it,Male,70.240.223.250
640,Herb,Dietzler,hdietzlerhr@google.co.uk,Male,41.32.31.112
641,Thedrick,Extance,textancehs@ca.gov,Male,94.203.197.93
642,Claudette,Pauncefort,cpauncefortht@slashdot.org,Female,85.181.154.64
643,Jemie,Parslow,jparslowhu@ebay.co.uk,Female,213.59.226.53
644,Ferris,Claiden,fclaidenhv@marketwatch.com,Male,126.33.107.26
645,Wilbur,O' Loughran,woloughranhw@marketwatch.com,Male,187.227.216.252
646,Gusty,Dingley,gdingleyhx@uol.com.br,Female,158.194.126.23
647,Guido,Kienlein,gkienleinhy@washingtonpost.com,Male,60.246.250.101
648,Rossy,Sommerville,rsommervillehz@nydailynews.com,Male,83.239.6.47
649,Elsy,Stitson,estitsoni0@washington.edu,Female,179.0.160.180
650,Austen,Dearden,adeardeni1@addtoany.com,Male,64.178.162.100
651,Marten,Flintiff,mflintiffi2@google.com,Male,147.80.192.91
652,Adams,Booton,abootoni3@zimbio.com,Male,20.238.136.28
653,Linn,Rawlingson,lrawlingsoni4@economist.com,Male,140.153.193.249
654,Cinda,Nuzzti,cnuzztii5@bravesites.com,Female,248.192.160.213
655,Napoleon,Fruen,nfrueni6@xinhuanet.com,Male,118.34.23.137
656,Giavani,Rothert,grotherti7@npr.org,Male,60.81.216.109
657,Prince,Nielson,pnielsoni8@cocolog-nifty.com,Male,50.71.57.180
658,Deborah,Houlden,dhouldeni9@nasa.gov,Female,146.136.241.72
659,Joya,Salman,jsalmania@bluehost.com,Female,184.30.44.252
660,Lanita,Zahor,lzahorib@hao123.com,Female,136.79.236.9
661,Brandtr,Pasmore,bpasmoreic@weather.com,Male,48.172.70.149
662,Darin,Sides,dsidesid@deliciousdays.com,Male,9.143.164.57
663,Emory,Fontanet,efontanetie@pcworld.com,Male,219.231.179.229
664,Cosme,Donlon,cdonlonif@archive.org,Male,38.150.93.69
665,Horacio,Sparshutt,hsparshuttig@noaa.gov,Male,211.34.81.213
666,Bruis,Grattan,bgrattanih@360.cn,Male,218.82.104.135
667,Lisette,Scrimshaw,lscrimshawii@freewebs.com,Female,48.192.177.131
668,Knox,Colbourn,kcolbournij@wikispaces.com,Male,251.40.48.169
669,Clareta,Pelman,cpelmanik@ebay.co.uk,Female,115.114.123.242
670,Adams,Rouke,aroukeil@ucsd.edu,Male,128.246.223.32
671,Reinhold,Durram,rdurramim@squidoo.com,Male,190.132.179.184
672,Rachele,Verrico,rverricoin@over-blog.com,Female,127.166.228.99
673,Germaine,Mathonnet,gmathonnetio@ezinearticles.com,Male,56.28.82.0
674,Missy,Glasgow,mglasgowip@mozilla.org,Female,86.61.59.19
675,Cortie,Asty,castyiq@independent.co.uk,Male,175.189.12.179
676,Paddy,Cardinal,pcardinalir@youku.com,Male,178.200.31.81
677,Arron,Dron,adronis@artisteer.com,Male,127.29.105.8
678,Win,Immins,wimminsit@vkontakte.ru,Male,65.88.179.8
679,Trefor,Heamus,theamusiu@statcounter.com,Male,201.235.46.87
680,Aggie,Brass,abrassiv@artisteer.com,Female,0.137.59.207
681,Dyann,Stickney,dstickneyiw@amazon.co.jp,Female,5.173.156.197
682,Haskel,Schnieder,hschniederix@furl.net,Male,156.122.167.24
683,Reynolds,Grimsdale,rgrimsdaleiy@google.fr,Male,23.253.252.244
684,Glynda,Stringman,gstringmaniz@wsj.com,Female,149.169.129.112
685,Benedicta,Lissandrini,blissandrinij0@va.gov,Female,219.68.23.71
686,Becky,Harrowsmith,bharrowsmithj1@paypal.com,Female,193.159.52.252
687,Gillian,Teulier,gteulierj2@google.com,Female,127.48.200.148
688,Ezequiel,Goodlet,egoodletj3@myspace.com,Male,59.227.176.77
689,Kenon,Bishell,kbishellj4@ovh.net,Male,128.37.73.231
690,Yancey,Mogford,ymogfordj5@weebly.com,Male,70.185.249.17
691,Feodor,Hanks,fhanksj6@utexas.edu,Male,198.86.65.51
692,Karel,Stone Fewings,kstonefewingsj7@latimes.com,Male,106.205.167.155
693,Yuma,Addionisio,yaddionisioj8@ucsd.edu,Male,41.253.34.68
694,Georgia,Harsant,gharsantj9@ezinearticles.com,Female,61.140.135.236
695,Noel,Heighton,nheightonja@ucoz.com,Male,72.3.133.218
696,Sapphira,Reder,srederjb@creativecommons.org,Female,194.189.124.241
697,Crosby,Vassman,cvassmanjc@lulu.com,Male,50.168.4.98
698,Stevie,Girardengo,sgirardengojd@google.fr,Male,9.136.237.92
699,Josefina,McKeown,jmckeownje@xing.com,Female,132.154.222.193
700,Darsie,Pyecroft,dpyecroftjf@washingtonpost.com,Female,35.94.249.241
701,Tally,Vaudrey,tvaudreyjg@friendfeed.com,Female,129.13.141.84
702,Rickey,Brearton,rbreartonjh@nifty.com,Male,18.63.80.116
703,Berta,Insall,binsallji@t-online.de,Female,156.196.235.165
704,Benedetta,Caustick,bcaustickjj@e-recht24.de,Female,199.148.18.45
705,Janet,Munsey,jmunseyjk@sakura.ne.jp,Female,63.222.86.215
706,Nikki,Duferie,nduferiejl@home.pl,Male,9.11.53.75
707,Ronalda,Eveque,revequejm@bandcamp.com,Female,86.79.214.17
708,Lillian,Dove,ldovejn@nytimes.com,Female,163.187.209.21
709,Ganny,Burling,gburlingjo@dot.gov,Male,196.44.236.58
710,Dunc,Andrysiak,dandrysiakjp@topsy.com,Male,60.166.120.86
711,Hardy,Hagland,hhaglandjq@uol.com.br,Male,28.7.35.232
712,Ali,Bridal,abridaljr@networkadvertising.org,Female,237.105.131.38
713,El,Gilchrest,egilchrestjs@imdb.com,Male,240.65.5.81
714,Daloris,Dominick,ddominickjt@newsvine.com,Female,176.149.202.110
715,Dulcinea,Lorraway,dlorrawayju@amazon.com,Female,45.216.154.99
716,Bunny,Gilbanks,bgilbanksjv@tuttocitta.it,Female,42.73.183.82
717,Weider,Apted,waptedjw@elpais.com,Male,252.249.251.3
718,Dulcy,Kopp,dkoppjx@nyu.edu,Female,52.232.2.202
719,Blayne,Minci,bmincijy@ocn.ne.jp,Male,179.198.50.249
720,Bar,Doak,bdoakjz@cbc.ca,Male,224.97.31.21
721,Marlowe,Crossland,mcrosslandk0@census.gov,Male,69.95.19.105
722,Hagen,Bleythin,hbleythink1@jigsy.com,Male,174.15.112.6
723,Jacki,Pavlenkov,jpavlenkovk2@examiner.com,Female,186.130.143.254
724,Orlando,McIlreavy,omcilreavyk3@dyndns.org,Male,36.23.89.220
725,Haskell,Peppard,hpeppardk4@cafepress.com,Male,24.162.54.65
726,Sandro,Vasyutichev,svasyutichevk5@ox.ac.uk,Male,233.98.136.119
727,Allin,Bote,abotek6@photobucket.com,Male,194.200.78.199
728,Nicholle,Heelis,nheelisk7@microsoft.com,Female,214.44.206.145
729,Sosanna,Desbrow,sdesbrowk8@ameblo.jp,Female,21.94.188.152
730,Cybil,Pantecost,cpantecostk9@salon.com,Female,65.166.109.254
731,Kelbee,Espinel,kespinelka@toplist.cz,Male,41.231.12.98
732,Randolph,Russ,rrusskb@comcast.net,Male,19.105.28.144
733,Isidore,Stafford,istaffordkc@adobe.com,Male,173.204.120.237
734,Gigi,Bartkowiak,gbartkowiakkd@hc360.com,Female,208.223.92.25
735,Matelda,Beefon,mbeefonke@slashdot.org,Female,218.217.186.139
736,Kirstin,Bertomeu,kbertomeukf@usa.gov,Female,114.174.253.213
737,Kennedy,Olyfat,kolyfatkg@twitter.com,Male,42.39.81.105
738,Jim,Faunch,jfaunchkh@java.com,Male,228.66.77.77
739,Madel,Weldrick,mweldrickki@nationalgeographic.com,Female,40.215.207.96
740,Reidar,Fraser,rfraserkj@networksolutions.com,Male,89.21.141.13
741,Lev,Cherm,lchermkk@github.io,Male,44.135.223.98
742,Terence,Clousley,tclousleykl@theatlantic.com,Male,190.92.90.177
743,Joli,Minster,jminsterkm@intel.com,Female,215.164.163.76
744,Kerrie,Kun,kkunkn@multiply.com,Female,116.144.248.1
745,Woody,Hadwick,whadwickko@japanpost.jp,Male,63.161.101.220
746,Siffre,Pohl,spohlkp@moonfruit.com,Male,157.71.155.43
747,Pasquale,Methuen,pmethuenkq@altervista.org,Male,207.202.162.48
748,Paulie,Francombe,pfrancombekr@army.mil,Female,221.228.147.42
749,Bartolomeo,Meddings,bmeddingsks@bloomberg.com,Male,114.103.227.42
750,Michaella,Jullian,mjulliankt@infoseek.co.jp,Female,39.42.175.162
751,Jeniffer,Mongan,jmonganku@google.nl,Female,124.221.123.215
752,Gleda,Clemencet,gclemencetkv@icio.us,Female,112.11.91.147
753,Lorry,Hedworth,lhedworthkw@google.com.br,Female,10.8.39.156
754,Galvin,Airth,gairthkx@linkedin.com,Male,20.26.252.141
755,Ulrikaumeko,Pinhorn,upinhornky@virginia.edu,Female,165.45.100.200
756,Karen,Thowless,kthowlesskz@dagondesign.com,Female,42.233.155.203
757,Mohandis,Stoffels,mstoffelsl0@deviantart.com,Male,240.229.214.167
758,Sterne,Jimeno,sjimenol1@stanford.edu,Male,99.122.210.89
759,Anatole,Barsham,abarshaml2@netscape.com,Male,176.220.81.7
760,Alden,Doumer,adoumerl3@vinaora.com,Male,180.195.135.155
761,Robin,Simoncelli,rsimoncellil4@1688.com,Male,198.112.174.110
762,Dorita,Cardoe,dcardoel5@ycombinator.com,Female,211.169.64.78
763,Selle,Cowland,scowlandl6@people.com.cn,Female,168.167.226.231
764,Viole,Avramovich,vavramovichl7@opera.com,Female,216.106.229.157
765,Toddy,Roles,trolesl8@rakuten.co.jp,Male,197.199.124.136
766,Jarrett,Hovenden,jhovendenl9@nature.com,Male,169.22.141.43
767,Perren,Goodman,pgoodmanla@usatoday.com,Male,234.128.112.86
768,Winny,Mose,wmoselb@npr.org,Male,253.23.32.11
769,Patrice,Gregoratti,pgregorattilc@posterous.com,Male,86.32.76.150
770,Raimondo,Chillingsworth,rchillingsworthld@ucsd.edu,Male,207.86.36.8
771,Peggi,Warratt,pwarrattle@tinyurl.com,Female,169.124.254.181
772,Alfy,Minister,aministerlf@slideshare.net,Female,50.253.87.254
773,Erasmus,Whitwham,ewhitwhamlg@jugem.jp,Male,208.252.155.188
774,Polly,Ainger,paingerlh@jigsy.com,Female,198.184.184.131
775,Killie,Hirschmann,khirschmannli@noaa.gov,Male,251.13.76.149
776,Teddi,Bourne,tbournelj@indiatimes.com,Female,139.235.183.129
777,Ted,Cordery,tcorderylk@samsung.com,Male,62.133.182.79
778,Mattie,Greenham,mgreenhamll@bizjournals.com,Female,243.44.34.117
779,Arthur,Kuhne,akuhnelm@whitehouse.gov,Male,217.147.208.248
780,Vinnie,Cassius,vcassiusln@lycos.com,Male,249.129.170.153
781,Kelley,Smalcombe,ksmalcombelo@opensource.org,Female,175.219.42.245
782,Virgilio,Ciotti,vciottilp@dedecms.com,Male,67.49.66.166
783,Jamesy,Waghorn,jwaghornlq@cornell.edu,Male,96.31.58.181
784,Annmarie,Lavall,alavalllr@go.com,Female,186.206.118.110
785,Darbie,MacBrearty,dmacbreartyls@multiply.com,Female,191.226.190.177
786,Elvira,Dresche,edreschelt@51.la,Female,175.194.226.80
787,Padraig,Pardi,ppardilu@bandcamp.com,Male,105.55.116.138
788,Shoshanna,Fothergill,sfothergilllv@goodreads.com,Female,252.2.40.202
789,Butch,Pehrsson,bpehrssonlw@jimdo.com,Male,162.208.14.140
790,Berton,Hancell,bhancelllx@surveymonkey.com,Male,104.188.47.107
791,Lotte,Florentine,lflorentinely@springer.com,Female,221.205.193.153
792,Spencer,Laister,slaisterlz@usgs.gov,Male,1.134.224.167
793,Bentlee,Agron,bagronm0@infoseek.co.jp,Male,173.213.81.67
794,Cort,Fairn,cfairnm1@biblegateway.com,Male,201.198.58.132
795,Amberly,Nowakowska,anowakowskam2@engadget.com,Female,105.204.227.14
796,Nonna,Trollope,ntrollopem3@usda.gov,Female,194.11.144.27
797,Lee,Axcel,laxcelm4@independent.co.uk,Female,240.41.215.92
798,Lincoln,Parslow,lparslowm5@theglobeandmail.com,Male,254.89.163.143
799,Sherwin,McGivena,smcgivenam6@tmall.com,Male,98.70.228.41
800,Christabella,Edser,cedserm7@php.net,Female,250.59.111.66
801,Norri,Rantoul,nrantoulm8@360.cn,Female,128.98.18.167
802,Vernice,Bagniuk,vbagniukm9@sfgate.com,Female,104.151.50.147
803,Aloin,Doe,adoema@taobao.com,Male,78.248.240.224
804,Noni,Miskelly,nmiskellymb@utexas.edu,Female,175.46.71.23
805,Maggi,Stoacley,mstoacleymc@admin.ch,Female,217.224.76.196
806,Jon,Zisneros,jzisnerosmd@ucoz.ru,Male,5.169.191.38
807,Theodoric,Crafts,tcraftsme@xinhuanet.com,Male,61.169.221.178
808,Gwenni,Pedder,gpeddermf@addthis.com,Female,96.109.98.74
809,Trudey,Mably,tmablymg@sciencedaily.com,Female,166.22.14.53
810,Rona,Brudenell,rbrudenellmh@unicef.org,Female,225.72.68.95
811,Constantin,Davenport,cdavenportmi@prnewswire.com,Male,252.49.228.62
812,Arly,Pascall,apascallmj@samsung.com,Female,170.244.47.252
813,Cassandry,Axton,caxtonmk@chron.com,Female,193.127.110.191
814,Jenna,Hunsworth,jhunsworthml@spiegel.de,Female,133.234.81.210
815,Ferdinanda,Badrock,fbadrockmm@amazon.co.jp,Female,89.19.75.92
816,Vernor,Reiners,vreinersmn@reddit.com,Male,185.84.197.99
817,Wilburt,Worton,wwortonmo@buzzfeed.com,Male,75.197.90.29
818,Brew,Doll,bdollmp@ustream.tv,Male,230.75.57.41
819,Erin,McClaren,emcclarenmq@ow.ly,Female,40.173.71.238
820,Leupold,Boater,lboatermr@feedburner.com,Male,207.155.43.11
821,Tatum,Shasnan,tshasnanms@ameblo.jp,Female,253.120.251.36
822,Haslett,Puttock,hputtockmt@latimes.com,Male,236.153.167.74
823,Doe,Annes,dannesmu@ftc.gov,Female,52.229.156.243
824,Courtnay,Esche,ceschemv@oracle.com,Male,65.19.25.122
825,Sylas,Glancy,sglancymw@cornell.edu,Male,72.38.19.179
826,Carlita,Dreghorn,cdreghornmx@sitemeter.com,Female,19.21.187.159
827,Lesley,Randlesome,lrandlesomemy@seesaa.net,Female,15.62.206.181
828,Barclay,Gillum,bgillummz@seattletimes.com,Male,184.208.43.250
829,Callie,Broxis,cbroxisn0@mapy.cz,Female,149.221.214.203
830,Marabel,Jeandel,mjeandeln1@themeforest.net,Female,163.210.60.79
831,Mattie,Shepton,msheptonn2@springer.com,Male,174.228.75.56
832,Bond,Pioli,bpiolin3@arstechnica.com,Male,115.220.172.190
833,Ursala,Montgomery,umontgomeryn4@google.com.br,Female,232.249.59.211
834,Roarke,Goss,rgossn5@istockphoto.com,Male,74.195.72.176
835,Jedidiah,Wilstead,jwilsteadn6@rambler.ru,Male,184.57.216.60
836,Adela,Shade,ashaden7@uol.com.br,Female,170.174.73.229
837,Tiphani,Bevan,tbevann8@apple.com,Female,165.121.175.5
838,Ora,Fairholme,ofairholmen9@bing.com,Female,175.182.196.47
839,Elmore,Naton,enatonna@techcrunch.com,Male,197.197.46.118
840,Pollyanna,Reynold,preynoldnb@wufoo.com,Female,68.234.47.157
841,Caritta,Malloy,cmalloync@pagesperso-orange.fr,Female,238.217.156.205
842,Sheila-kathryn,Titt,stittnd@webeden.co.uk,Female,253.173.2.100
843,Percy,Gerish,pgerishne@cnet.com,Male,251.18.36.246
844,Gregorius,Frearson,gfrearsonnf@ocn.ne.jp,Male,253.237.192.224
845,Trevor,Peete,tpeeteng@npr.org,Male,156.208.175.251
846,Yanaton,Tedstone,ytedstonenh@businesswire.com,Male,161.174.206.240
847,Alfie,O'Caine,aocaineni@buzzfeed.com,Female,68.109.18.163
848,Willy,Bonellie,wbonellienj@so-net.ne.jp,Female,22.126.152.27
849,Cherish,Polglaze,cpolglazenk@alibaba.com,Female,126.254.243.8
850,Edmon,Hancock,ehancocknl@marketwatch.com,Male,92.127.35.255
851,Vivienne,Mossdale,vmossdalenm@live.com,Female,183.24.58.200
852,Juan,Chatfield,jchatfieldnn@dot.gov,Male,244.168.30.101
853,Mattias,Scotchforth,mscotchforthno@netvibes.com,Male,242.65.61.255
854,Jeanie,Andrysiak,jandrysiaknp@moonfruit.com,Female,96.111.18.199
855,Marys,Garstan,mgarstannq@github.io,Female,151.178.255.175
856,Moina,Evemy,mevemynr@desdev.cn,Female,111.174.3.32
857,Poppy,Crankhorn,pcrankhornns@exblog.jp,Female,100.166.127.81
858,Elwin,Minear,eminearnt@tumblr.com,Male,169.162.219.245
859,Lucy,Whiskerd,lwhiskerdnu@arizona.edu,Female,197.32.72.65
860,Dixie,McIlmorie,dmcilmorienv@netscape.com,Female,244.176.22.5
861,Annaliese,Bradder,abraddernw@bizjournals.com,Female,176.32.87.236
862,Montgomery,Frampton,mframptonnx@home.pl,Male,182.220.111.225
863,Fernandina,Lavrick,flavrickny@simplemachines.org,Female,154.30.152.10
864,Kevyn,Wittke,kwittkenz@wordpress.org,Female,15.30.71.195
865,Edd,Dooly,edoolyo0@deliciousdays.com,Male,88.178.92.178
866,Coletta,Rattenbury,crattenburyo1@123-reg.co.uk,Female,116.227.12.173
867,Christalle,Prinnett,cprinnetto2@fastcompany.com,Female,110.24.155.36
868,Olivero,Goodright,ogoodrighto3@smugmug.com,Male,57.15.194.116
869,Corny,Rosencwaig,crosencwaigo4@wp.com,Female,116.208.30.27
870,Flori,Walkden,fwalkdeno5@google.com.hk,Female,114.72.67.110
871,Aurelie,Manes,amaneso6@mail.ru,Female,46.204.103.213
872,Bonnie,Robotham,brobothamo7@wired.com,Female,165.209.101.7
873,Zorah,Helliker,zhellikero8@go.com,Female,79.179.246.90
874,Helenelizabeth,Queripel,hqueripelo9@marketwatch.com,Female,162.70.177.193
875,Ofella,Duffield,oduffieldoa@gov.uk,Female,158.152.150.173
876,Adelaida,Asch,aaschob@ebay.co.uk,Female,66.206.54.37
877,Christal,Baltrushaitis,cbaltrushaitisoc@pbs.org,Female,250.168.148.195
878,Husein,Caras,hcarasod@sphinn.com,Male,175.144.193.58
879,Giffer,Paine,gpaineoe@accuweather.com,Male,110.107.166.68
880,Arlin,Quarrington,aquarringtonof@squidoo.com,Male,201.243.4.14
881,Gavra,Short,gshortog@w3.org,Female,244.184.240.70
882,Dayna,Memmory,dmemmoryoh@sourceforge.net,Female,191.196.167.125
883,Sherman,McEneny,smcenenyoi@chron.com,Male,247.140.93.17
884,Innis,Rentoul,irentouloj@google.com.br,Male,78.3.15.237
885,Jaimie,Lawlie,jlawlieok@elegantthemes.com,Male,242.133.169.66
886,Heinrik,McDermid,hmcdermidol@pinterest.com,Male,17.126.78.25
887,Justino,Mockford,jmockfordom@amazon.de,Male,10.24.60.247
888,Aleta,Dory,adoryon@dion.ne.jp,Female,102.206.29.95
889,Tulley,Jonathon,tjonathonoo@flickr.com,Male,185.120.202.7
890,Viv,Thatcham,vthatchamop@bing.com,Female,202.129.136.231
891,Boonie,Blaker,bblakeroq@jigsy.com,Male,216.70.30.237
892,Parrnell,Elnough,pelnoughor@google.ca,Male,72.96.128.226
893,Fanny,Burdoun,fburdounos@admin.ch,Female,116.29.109.17
894,Stephen,Isson,sissonot@google.co.uk,Male,222.116.47.110
895,Nicholas,Howman,nhowmanou@jugem.jp,Male,18.50.214.252
896,Loren,Klimschak,lklimschakov@army.mil,Female,91.144.196.82
897,Shaine,Paske,spaskeow@fastcompany.com,Male,34.164.150.121
898,Abby,Clarae,aclaraeox@desdev.cn,Female,243.188.28.179
899,Lusa,McSparran,lmcsparranoy@booking.com,Female,170.153.9.91
900,Margit,Eddington,meddingtonoz@indiatimes.com,Female,240.28.208.90
901,Wileen,Faires,wfairesp0@bandcamp.com,Female,42.165.92.183
902,Allsun,Beckitt,abeckittp1@sfgate.com,Female,12.230.138.24
903,Myrna,Broadey,mbroadeyp2@usatoday.com,Female,251.128.255.190
904,Dorree,Glasspoole,dglasspoolep3@google.com.hk,Female,45.217.172.204
905,Garrek,Matts,gmattsp4@theatlantic.com,Male,6.99.135.198
906,Worden,Brindle,wbrindlep5@ifeng.com,Male,139.173.10.232
907,Ynes,Prestland,yprestlandp6@phoca.cz,Female,162.132.123.69
908,Gail,Crinson,gcrinsonp7@mail.ru,Female,190.47.93.50
909,Merell,Ingall,mingallp8@chronoengine.com,Male,88.137.217.37
910,Winnie,Newbold,wnewboldp9@bigcartel.com,Male,17.116.96.136
911,Skippie,Paradine,sparadinepa@sphinn.com,Male,255.22.229.141
912,Corbin,McQuillen,cmcquillenpb@seattletimes.com,Male,64.95.170.107
913,Mannie,Parsell,mparsellpc@eepurl.com,Male,5.50.129.122
914,Garry,Ilyinykh,gilyinykhpd@uiuc.edu,Male,55.196.47.215
915,Donovan,Jambrozek,djambrozekpe@wikimedia.org,Male,195.127.167.52
916,Amalita,Geraudel,ageraudelpf@yahoo.com,Female,159.82.246.250
917,Adella,Casley,acasleypg@ted.com,Female,109.39.73.136
918,Bryana,Breddy,bbreddyph@reverbnation.com,Female,157.47.57.219
919,Carly,Hardage,chardagepi@cnn.com,Male,222.183.232.235
920,Ewell,Jochens,ejochenspj@youtube.com,Male,227.105.195.93
921,Dennis,Jiroutek,djiroutekpk@simplemachines.org,Male,25.34.170.188
922,My,Saffer,msafferpl@canalblog.com,Male,38.251.209.31
923,Maurise,Eye,meyepm@mapy.cz,Female,4.72.171.1
924,Edeline,Brechin,ebrechinpn@bbb.org,Female,123.110.251.133
925,Lauri,Quartermaine,lquartermainepo@netscape.com,Female,159.153.86.56
926,Melli,Mace,mmacepp@aol.com,Female,54.237.200.99
927,Wit,Fozzard,wfozzardpq@forbes.com,Male,125.107.136.81
928,Nomi,Shipperbottom,nshipperbottompr@accuweather.com,Female,204.88.50.80
929,Normy,Blazewicz,nblazewiczps@globo.com,Male,177.220.71.11
930,Gail,Beves,gbevespt@constantcontact.com,Male,149.150.1.244
931,Leoine,Bricket,lbricketpu@blinklist.com,Female,25.219.175.223
932,Marylynne,Tumility,mtumilitypv@sakura.ne.jp,Female,24.85.55.146
933,Leola,Holdall,lholdallpw@netscape.com,Female,62.65.135.40
934,Emmy,Sallenger,esallengerpx@simplemachines.org,Male,76.230.140.45
935,Frederich,Billings,fbillingspy@eventbrite.com,Male,140.154.49.72
936,Siobhan,Gauson,sgausonpz@nydailynews.com,Female,224.231.67.209
937,Eugen,Savoury,esavouryq0@nih.gov,Male,57.224.170.160
938,Abby,Cominetti,acominettiq1@sun.com,Male,156.244.23.206
939,Cristian,Oldnall,coldnallq2@sbwire.com,Male,171.186.114.241
940,Kara,Brownstein,kbrownsteinq3@bravesites.com,Female,188.212.19.98
941,Melita,Kobus,mkobusq4@berkeley.edu,Female,83.235.94.178
942,Deerdre,Bette,dbetteq5@bluehost.com,Female,31.115.228.86
943,Aland,Wikey,awikeyq6@wiley.com,Male,108.48.197.92
944,Moises,Bitten,mbittenq7@youtu.be,Male,151.159.52.208
945,Kitti,Cusack,kcusackq8@jimdo.com,Female,106.88.246.77
946,Sydney,Gosneye,sgosneyeq9@spiegel.de,Male,6.132.41.134
947,Yvon,Geraldi,ygeraldiqa@aboutads.info,Male,96.38.28.84
948,Isiahi,Stronach,istronachqb@whitehouse.gov,Male,236.34.73.34
949,Ruddie,Greg,rgregqc@pinterest.com,Male,238.150.113.212
950,Neysa,Wasylkiewicz,nwasylkiewiczqd@ihg.com,Female,136.230.129.205
951,Gilles,Rankin,grankinqe@archive.org,Male,112.39.70.241
952,Patrica,Mitrikhin,pmitrikhinqf@tinypic.com,Female,160.245.182.210
953,Madalena,Dopson,mdopsonqg@forbes.com,Female,251.27.203.63
954,Sheri,Roxby,sroxbyqh@telegraph.co.uk,Female,43.95.227.24
955,Gabriel,Ghirardi,gghirardiqi@tiny.cc,Male,5.52.167.159
956,Ad,Goly,agolyqj@fastcompany.com,Male,66.215.121.183
957,Alejoa,Tiller,atillerqk@cisco.com,Male,241.175.148.55
958,Ambrosius,Meecher,ameecherql@tumblr.com,Male,60.130.3.53
959,Kirsteni,Kleinplatz,kkleinplatzqm@opera.com,Female,94.42.170.58
960,Daria,Dermott,ddermottqn@house.gov,Female,231.58.130.66
961,Dianna,Cawley,dcawleyqo@blogs.com,Female,89.98.64.60
962,Eudora,Coviello,ecovielloqp@sourceforge.net,Female,6.88.216.125
963,Babs,Kippins,bkippinsqq@yahoo.co.jp,Female,138.15.6.247
964,Catlee,Maillard,cmaillardqr@spotify.com,Female,46.47.228.66
965,Aldrich,Reimer,areimerqs@geocities.com,Male,140.215.53.28
966,Harald,Nutten,hnuttenqt@surveymonkey.com,Male,37.88.120.43
967,Julia,Tebbett,jtebbettqu@aol.com,Female,21.114.1.21
968,Aurelia,Mapledoram,amapledoramqv@vinaora.com,Female,142.17.37.223
969,Kelvin,Shelly,kshellyqw@prweb.com,Male,47.152.108.22
970,Diann,Boullin,dboullinqx@ucoz.com,Female,101.131.97.193
971,Lamar,Aspinal,laspinalqy@home.pl,Male,130.188.169.166
972,Mahmoud,Vannuccini,mvannucciniqz@feedburner.com,Male,184.84.134.254
973,Torr,Forst,tforstr0@discovery.com,Male,188.215.69.106
974,Zea,Simak,zsimakr1@go.com,Female,47.60.67.237
975,Zared,Emberson,zembersonr2@latimes.com,Male,91.89.20.138
976,Warren,Jakes,wjakesr3@hubpages.com,Male,89.139.246.169
977,Hollie,Patifield,hpatifieldr4@sakura.ne.jp,Female,12.24.242.41
978,Michell,Elliss,mellissr5@scientificamerican.com,Female,47.48.196.244
979,Ebeneser,Pawlowicz,epawlowiczr6@slashdot.org,Male,34.33.66.246
980,Shanan,McMurraya,smcmurrayar7@alexa.com,Male,225.99.88.98
981,Illa,Mitchiner,imitchinerr8@mozilla.com,Female,179.173.103.149
982,Tanny,Turney,tturneyr9@yellowbook.com,Male,230.110.176.201
983,Humberto,Cottell,hcottellra@cnn.com,Male,135.103.155.25
984,Shepard,Gotter,sgotterrb@ezinearticles.com,Male,199.94.88.71
985,Sayer,Labb,slabbrc@wordpress.org,Male,19.145.159.174
986,Silvano,Wyllt,swylltrd@w3.org,Male,199.234.46.157
987,Oliy,Episcopio,oepiscopiore@sciencedirect.com,Female,53.162.228.226
988,Reinaldos,Marchi,rmarchirf@slate.com,Male,44.177.200.124
989,Ceciley,Mockett,cmockettrg@arstechnica.com,Female,166.116.116.42
990,Yanaton,Adkins,yadkinsrh@diigo.com,Male,67.8.38.170
991,Karim,Haberjam,khaberjamri@statcounter.com,Male,167.155.28.30
992,Roy,Teasey,rteaseyrj@google.co.uk,Male,102.160.199.44
993,Reynolds,Horsfield,rhorsfieldrk@webs.com,Male,85.171.75.92
994,Josepha,Noot,jnootrl@ustream.tv,Female,253.92.216.108
995,Judy,Jendrassik,jjendrassikrm@google.ru,Female,27.207.162.52
996,Leandra,Bhar,lbharrn@columbia.edu,Female,129.118.155.173
997,Imogene,Bagg,ibaggro@redcross.org,Female,249.103.14.86
998,Karry,Weld,kweldrp@printfriendly.com,Female,106.164.125.251
999,Rosette,Angrave,rangraverq@newyorker.com,Female,116.21.176.159
1000,Dimitri,Yglesia,dyglesiarr@ebay.co.uk,Male,184.153.159.50
